text,label,notes
"Underground concerts are MUCH better than mainstream ones. I went to a mainstream concert with several popular artists and the crowd barely sang, moved, or showed energy. Months earlier I went to a much smaller underground concert where the crowd was intense, there were mosh pits, and everyone knew the words. The smaller show felt much more alive even with far fewer people.",analysis,Compares two concert experiences with supporting observations.
"This is one of those if you know, you know things. You're absolutely right, in my experience. Plus, it's easier to talk to or meet the musicians afterwards.",analysis,Agrees but gives a specific reason about musician access.
"Totally agree. The top shows I've been to were cheap small gigs. The band does not have to compete with crowd noise, you can get close, nothing feels scripted, the musicians seem like they are having fun, and you can talk to them afterwards.",analysis,Gives several concrete reasons for preferring small gigs.
"I'll gladly pay to see established acts like Swans or Laibach. Small no-name bands in front of fifty people are more hit or miss, and as I get older the appeal is lower.",analysis,Balances the claim by explaining a counterpoint.
Is it still possible to catch a Swans or Laibach show for thirty or forty dollars?,personal_reaction,Simple question without an argument.
It is in Europe.,personal_reaction,Short factual reply with no broader reasoning.
I think I paid around forty dollars for Swans last year in Detroit.,personal_reaction,Personal experience without analysis.
"I had two shows this week, one stadium show and one club show. At the stadium I was seated far away from the performers, but at the club show I was close enough to fist bump the band. It was a night and day difference, and the club show felt much more special.",analysis,Compares two settings and explains the preference.
"Exactly, the artist actually came into the crowd and hit me with his dreads. Peak experience.",personal_reaction,Mostly describes excitement from a personal moment.
"What is your definition of underground? If a band tours the entire country, they may not be underground. Underground usually refers to shows that are not formally registered, not just bands that are less popular.",analysis,Clarifies a term and gives reasoning.
There is a huge network of DIY bands touring small bars and houses. Probably way more than you think.,analysis,Makes a corrective claim with context.
"Some might not call them underground, but they had no real venue and only about sixteen thousand monthly listeners compared with mainstream artists at around five hundred thousand, so I would still call them underground.",analysis,Defines underground using specific comparisons.
A show in someone's basement or an unlicensed venue can be the best kind of show. The lack of formal staff and security can create a house party vibe where people relax more.,analysis,Explains why informal venues can feel better.
I have mostly stopped caring about big music acts that are about fandom. I just want to hear music performed with individual interpretation. The hype adds nothing for my enjoyment.,analysis,Explains a preference with reasoning.
Underground is for real fans and real fans bring energy that cannot be faked. Popular events attract people who just want something to do.,hot_take,Strong generalization with limited support.
I go out to see tons of underground bands I know very little about. It is cheaper than seeing a mainstream artist just as something to do.,analysis,Pushes back with personal evidence and reasoning.
"If we are including small indie gigs then yes, I agree. I do not really think of bands as underground the same way I think of clubs and dance music, though.",analysis,Distinguishes between meanings of underground.
Mainstream concerts commonly have huge productions and are spectacles in their own right. Neither is better. They are different.,analysis,Counters the claim by comparing different strengths.
"It is hard to enjoy a concert if the artist looks like an ant. I saw local bands at a smaller venue and the vibe, sound, and audience participation were much better than an arena show where the performer looked tiny.",analysis,Uses a concrete comparison to support the point.
"The best show I have ever seen was D'Angelo and The Vanguard on a big festival stage, but I have also seen great small-stage shows. It depends on how much effort the artist puts into the performance.",analysis,Provides a nuanced explanation rather than a simple preference.
"Underground shows are great, but you cannot make a serious argument based on a sample size of two shows.",analysis,Critiques the original argument's evidence.
"Underground to me means shows in abandoned buildings, backyards, or under freeways that often end in chaos. Fun times, but I am too old for that now.",personal_reaction,Mainly personal memory and preference.
"The best shows I have ever seen have been fifteen dollars in small rooms with enthusiastic crowds. The sound is better, the view is better, and the beers are better. Arena shows are awful and overpriced.",analysis,"Gives reasons, though the ending is strong."
The last arena show I went to was Neil Young with Sonic Youth and it made sense because it was all distortion and feedback. I have the best memories of many club shows.,personal_reaction,Mostly personal memory and feeling.
"Why do people treat an artist's music as less valuable simply because it is popular among teenage girls? Teenage girls often form deep personal connections with music, so why is that treated as a sign that the music is shallow instead of meaningful?",analysis,Raises a structured question and gives reasoning.
Many artists with teenage female fanbases were designed and marketed to appeal to that demographic. The issue may be that critics associate those artists with commercial or manufactured music and then confuse the audience with the marketing strategy.,analysis,Explains the issue with a clear argument.
"Duran Duran were dismissed as style over substance because they were attractive and stylish, but that was unfair because members like John Taylor were also strong musicians.",analysis,Uses an example to support a point.
"Sadly, he also had amazing cheekbones. This is frying me.",personal_reaction,Humorous emotional reaction.
"Rock music is youth culture music. Much of it was marketed toward teenagers and young adults, and a lot of it was manufactured for teen boys, but music associated with boys is often framed as rebellious while music associated with girls is framed as safe.",analysis,Makes a broader sociological argument.
"The Beatles were absolutely marketed toward teenagers and teenage girls early on, even if they later pushed boundaries musically.",analysis,Makes a historical argument.
"Rock and roll was a new medium in the late fifties and early sixties. It was mostly young people who liked it, while adults saw it as a threat, which created a generation gap.",analysis,Provides historical context.
It is worth noting that the usual history of rock and roll ignores earlier Black musicians who were already using the term and shaping the style long before the sanitized mainstream version.,analysis,Corrects a historical narrative with specific reasoning.
People underestimate how many older people lived through the sixties and still hated the Beatles. Many preferred artists like Paul Anka and Glenn Miller.,analysis,Uses observed generational differences as evidence.
Most of the popular artists of every generation are older than their audience. The Beatles were not Boomers; they belonged to the Silent Generation.,analysis,Gives a factual correction and explanation.
"Teenagers were a new demographic in the fifties because they had more free time and disposable income, which made them easier to market toward.",analysis,Explains a market context.
I do not think manipulate is a fair word. Popular moments are not always orchestrated by corporations; sometimes the social and economic conditions are right for a youth movement.,analysis,Counters a claim with a more nuanced explanation.
"If you do not know that Sister Rosetta Tharpe had been playing rock and roll before Chuck Berry and Elvis, you need to educate yourself.",hot_take,Strong corrective statement with limited explanation.
"The Beatles' Hamburg years were before they were signed, and their image was shaped by Epstein more than the label. Their autonomy within the label system is part of why they are considered so influential.",analysis,Uses historical details to support a claim.
Lennon said they continued to write those songs for the teenage girl audience.,analysis,Provides a specific supporting point.
"I think part of the issue is that there are at least three elements at play: marketability, young people's divisive opinions on pop music, and the fact that people hate teenage girls.",analysis,Breaks the issue into parts.
"Why does the music industry create pop music for teenage girls? Because that demographic has shown the biggest payoff, not because of misandry.",analysis,Explains the market logic.
"The industry has marketed music to teenage boys too, especially hard rock, heavy metal, and alternative rock. The difference is that those artists are sold through rebellion, toughness, authenticity, or musicianship.",analysis,Compares marketing toward different audiences.
Rock and rap are pop music for teenage boys. Country too.,hot_take,Broad claim with little support.
"Sleep Token are a good example because they were respected by prog metal fans before becoming popular with young women, after which many metalheads began calling them fake or manufactured even though much of the band's sound and image was already present earlier.",analysis,Uses a detailed example to support an argument.
This is absolute nonsense. Sleep Token were never metal and their old fanbase was just metalcore fans hiding embarrassment under the prog label.,hot_take,Strong dismissive claim with limited evidence.
"It seems like the hate toward boy bands, Justin Bieber, and Britney Spears has cooled down compared with the late nineties through early 2010s.",analysis,Makes a trend observation.
"We do not live in a monoculture anymore, so people can avoid pop acts they dislike instead of being forced to hear them on radio, television, or MTV.",analysis,Explains why backlash may have changed.
"True, pop acts are more avoidable than ever unless you work in retail.",personal_reaction,Brief agreement with a casual exception.
"Straight boys once made up a material part of pop fandom, but as they moved into YouTube and gaming, they largely abandoned mainstream pop. Criticizing music they do not engage with does not occur to them.",analysis,Explains a demographic shift.
"Now instead of saying 'boy bands,' it is 'fuckboy bands.'",personal_reaction,Joke rather than argument.
Backlash against mainstream top forty pop has always existed among music fans who want to feel above the masses. I say that because I was one of those people in high school.,analysis,Explains a pattern using self-reflection.
I was a teen Bieber hater. The backlash was not because he came from YouTube. We hated his hair and thought it was weird that grown women were obsessed with a little boy.,analysis,Gives reasons for a past attitude.
"Do you live under a rock? Harry, Sabrina, and Olivia definitely get hate.",hot_take,Dismissive claim with little support.
"There may be an assumption that young people are impressionable, naive, easily manipulated, and fickle, which connects with ageist, misogynist, and patriarchal ways of thinking.",analysis,Explains a social assumption behind the issue.
"As a teacher and professional musician, I have seen men in the industry scoff at what teenage girl students like while not doing the same to music young men like. It is absurd.",analysis,Uses professional experience to support the claim.
"Music nerd spaces have long been male dominated, and people who flaunt indie credibility often ignore artists like Ani DiFranco despite her importance to independent music.",analysis,Explains a bias in music discussion spaces.
"Ani DiFranco built an independent career when that was practically unheard of, yet I almost never hear people talk about her.",analysis,Supports a point with a specific artist.
Teenage boy music is also derided. Mainstream teenage taste is usually bland because artists aiming at the lowest common denominator often choose safe options instead of pushing boundaries.,analysis,Counters the premise with reasoning.
"You say mainstream teenager taste is bland, but many iconic bands blew up among teenagers when I was in high school.",analysis,Challenges a generalization with a counterexample.
"Misogyny. It has always been that way. When rock matured and became more consumed by male adult audiences, it became more respectable.",analysis,Short but includes a causal explanation.
"Artists also get hate for having a fanbase of teenage boys, like Playboi Carti and Travis Scott. It may be ageism as much as misogyny.",analysis,Introduces a counterargument and explanation.
I would not say it is as much. Music for teenage girls receives unreasonable levels of scorn far more often.,analysis,Makes a comparative argument.
"I have seen Carti and Travis get hate for many things, but not because their fanbases are dudes.",analysis,Pushes back with a specific distinction.
"It is good old-fashioned sexism, and it is not exclusive to music. Movies with large female audiences also get dismissed with terms like chick flicks, and criticism has long been dominated by men.",analysis,Connects music to a broader cultural pattern.
"Genres associated as feminine, like melodramas, romantic comedies, disco, or dance pop, are often dismissed as lightweight and not worthy of serious evaluation.",analysis,Explains a pattern across genres.
"There is more willingness to take risks and accept originality from male artists than female artists, especially before the modern pop star model developed.",analysis,States a pattern with explanation.
There has never been a faster route to credibility than sneering at what women or teenage girls like.,hot_take,Punchy claim with little support in this sentence.
I do not think there is an equivalent to the boy band phenomenon. There are not hot-girl bands for boys that people pretend are high art.,analysis,Makes a comparative argument.
Did you ever hear of a little manufactured band called the Spice Girls?,hot_take,Sarcastic challenge with minimal explanation.
"I was shocked to discover that Taylor Swift is close to Michael Jackson in recognition. Not because her music lacks value, but because critics do not seem worshipful of her.",analysis,Explains surprise with reasoning.
Well said. I wonder how many men know rock was invented by a Black queer woman called Sister Rosetta Tharpe.,analysis,Adds a historical point to support agreement.
"Music designed for young teens can feel uncomfortable, especially when adults create it with sexual innuendo. That may explain why some people see it as cheapened, though I do not see it mainly as gendered.",analysis,Provides a nuanced explanation.
"The problem is when criticism of manufactured music turns into teenage girls like it, therefore it must be bad. Those are two very different arguments.",analysis,Clarifies the boundary between two arguments.
I am a thirty-five-year-old man and I love many pop girl artists and am getting into K-pop. There is no shame.,personal_reaction,Mainly personal preference and experience.
"The first fans of Star Trek were young women. The franchise would not have continued without fans making art, writing fan fiction, and sending letters after cancellation.",analysis,Uses an analogy from another fandom.
"Countless fandoms are kept alive by fanfiction, fanart, and edits created by the same young women whose tastes are often dismissed as underdeveloped.",analysis,Explains the irony with evidence.
"The critical side of culture has been male dominated while the creative fan expression side has often been female dominated, with surprisingly little overlap.",analysis,Makes a structured observation.
For the same reason that books and films aimed at women are perceived this way.,hot_take,Very brief claim without explanation.
"The pattern is that time has to pass before artists once adored by youth can shed the social baggage of their original fanbase. Elvis, the Beatles, ABBA, Duran Duran, and Britney Spears were all reassessed later.",analysis,Uses a list of examples to support a historical pattern.
I think you would love the poem When I Say We Are All Teen Girls by Olivia Gatwood. It speaks to this topic and is very good.,personal_reaction,Recommendation based on personal reaction.
This is such a lovely recommendation. I read the poem and it genuinely resonated with me.,personal_reaction,Emotional response to a recommendation.
"Most likely actual answer: sexism. Deeper answer: if something appeals only to teenage girls and not adult women, people assume there must be a reason.",analysis,Short explanation of a possible cause.
I get ridiculed online because Twilight is my favorite book series. People dismiss it even though it was one of the biggest cultural events of my lifetime.,analysis,Uses a personal example to support the broader issue.
"People seem reluctant to enjoy certain artists, books, movies, or fandoms once they are associated with teenage girls because liking them risks being mocked or dismissed.",analysis,Explains the social effect of the label.
I do not think many mature adults would refuse to be a Mitski fan because of the implication. She is clearly talented and not what I associate with typical teen girl music.,analysis,Disagrees and gives a reason.
Probably misogyny. Never hear the same rhetoric for boys despite them also consuming garbage.,hot_take,Blunt claim with little support and loaded wording.
Guess you have never heard someone talk about Limp Bizkit then.,hot_take,Sarcastic counterpoint with minimal explanation.
Stuff made for teenage boys is absolutely derided too.,hot_take,Broad claim without support.
"Music criticism often assumes that teenage girls value looks, outfits, dance routines, and image rather than the audio itself, but music is rarely enjoyed in a vacuum and many respected artists also rely on image and backstory.",analysis,Explains the assumption and challenges it.
"Teenagers care more about looks, likability, and relatability than adults. Some teenage stars are successful mostly because fans have crushes on them.",hot_take,Broad claim about teenagers with limited support.
"Criticism of something women like is not automatically misogyny. Authenticity matters in music, and industry-created acts marketed toward young audiences usually get less respect than artists who make their own way.",analysis,Develops a counterargument with reasoning.
"Teenagers have not listened to music for long, have not developed their own tastes, and are a captive audience, so inauthentic artists marketed to them get less respect.",analysis,Explains why teen-targeted music may be dismissed.
Name a band that teenage boys are crazy over that is comparable in fame and considered more valuable than a female-favorite teenage pop act. I do not think anyone can.,analysis,Uses a challenge to support an argument.
"The same thing happens in movies. Entertainment aimed at teenage boys is called flashy fun, while entertainment aimed at teenage girls is called dumb or shallow.",analysis,Uses a cross-media comparison.
Teenage boy stuff absolutely gets criticized too.,hot_take,Short broad claim without support.
Fast and Furious is always mocked. It is not accurate to say entertainment for boys avoids criticism.,analysis,Gives a concrete counterexample.
"Because a lot of people hate women, especially young women, so they denigrate anything they enjoy.",hot_take,Strong claim with no supporting evidence in the sentence.
Because teenagers have terrible taste and we expect people at thirty not to express themselves in a way that mostly teenagers relate to.,hot_take,Broad unsupported judgment.
"Music marketed toward teenage girls is no more manufactured than much rock or hip hop. The difference is that rock and rap often have a veneer of authenticity and a predominantly male fanbase, so critics treat them as more serious.",analysis,Compares genres and explains perceived authenticity.
"Teenage girls generally have terrible taste in music. Teenage boys do too, but they are not as large or unified a music-buying demographic.",hot_take,Bold generalization with limited support.
"It is a mix of misogyny and contempt for teenage culture. Female taste is often presumed worse, and intense female fandom gives people more ammunition to dismiss it.",analysis,Explains multiple causes.
Pop music targeted at that specific audience tends to feel formulaic and shallow. Artists like the Jonas Brothers did not bring much new to the scene.,analysis,Makes a criticism with a specific example.
"Teenagers are still unformed and shallow, so anything that primarily appeals to them probably is not trying very hard musically.",hot_take,Broad dismissive claim with limited support.
Say about Led Zeppelin or Christopher Nolan what people often say about Taylor Swift or chick flicks and adult men will yell at you about it.,analysis,Uses comparison to point out a double standard.
"If an audience is mostly people with underdeveloped tastes and strong emotional responses, it may mean the music is not resonating with others because it simply is not that good.",hot_take,Strong generalization about audience and quality.
So like all the stuff that immature young men like?,hot_take,Sarcastic challenge without developed reasoning.
"In my opinion, the only downside to listening to a lot of albums and a lot of music is that newer albums can lack the memories and nostalgia attached to songs I heard earlier in life. I may think albums like The Queen Is Dead or Violator are musically superior to old pop songs, but those older songs still feel more meaningful because they are tied to memories.",analysis,Explains a music-listening experience using comparison and reasoning.
"I grew up in the 80s and 90s. We would get new albums and play them a lot, so I have memories from those times associated with those albums. I think it just needs to be heard a lot to make memories.",analysis,Gives a clear reason for why music becomes tied to memory.
"All my best musical memories involve opening a new LP, taking it out of the sleeve, putting it on the turntable, and listening to the full album for the first time.",personal_reaction,Personal memory and emotional response.
Yes!,personal_reaction,Short agreement with no reasoning.
"I think the original post is about music being associated with events, like hearing a song at a school dance, roller rink, or in a first car. Those settings create memories that can make hundreds of songs feel meaningful.",analysis,Clarifies the original idea and explains it with examples.
"The music itself was the memory for me. My siblings had a strong LP collection by the time I got into music, and I would sit in the basement listening for hours to Zeppelin, Floyd, Yes, Genesis, and others.",personal_reaction,Mostly personal memory of listening habits.
"Drummers are the salt of the earth. I would trust a drummer with my girlfriend, but I would not trust my girlfriend alone with my drummer.",hot_take,Humorous exaggerated claim with no serious support.
New memories while listening to whole albums will form in time. There is no limit to how many memories one can have.,analysis,Responds with a reasoned explanation.
"In five years, whatever you are listening to now will be associated with memories of now. That is all there is to it.",analysis,Explains the memory issue directly.
That is interesting because I have had this exact same thought. You have to let albums live with you.,analysis,Short but gives a clear rule for how albums gain meaning.
"Sometimes I feel like I am doing albums a disservice because I only listen once. I may like them, but if they do not click immediately, I often do not return even though they might work better after several listens.",analysis,Reflects on listening behavior and why albums may not click.
I shudder to think of all the amazing music I would not have fallen in love with if I did not give albums more than one listen. I need at least two or three listens.,analysis,Explains a listening rule using personal evidence.
"The first time I listened to DAMN. I did not understand the hype and thought it was weaker than To Pimp a Butterfly. After several listens, I started appreciating it, and now it is my favorite Kendrick album.",analysis,Uses a specific album example to support repeat listening.
"Most good albums grow on you. I think you know what clicks on a first listen, and then you can put those albums in heavy rotation to form a deeper connection. I do not think there is much point forcing yourself to relisten to music that does not resonate.",analysis,Gives a nuanced recommendation with reasoning.
"My middle school band director said you need to listen to a piece of music twenty times to form an opinion. That may be extreme, but the sentiment feels accurate because some of my favorite albums took several listens to understand.",analysis,Supports an argument with a rule and personal experience.
"You need to allow more time for what it means to listen to an album. The fast nature of music now makes people think they should fall in love with music on the first listen, but albums often need time and context.",analysis,Develops an argument about streaming-era listening.
I totally agree and think this is especially common in the streaming era. I gave music more chances when it physically took up space in my collection.,analysis,Explains why physical ownership changed listening behavior.
"This is one of the reasons I buy concert tickets. I study for the test. If I know I like the performer and have a deadline, I will learn the new songs.",analysis,Explains a strategy for connecting with music.
"I really enjoy going to concerts, but they have some problems. They are expensive and I do not have much money, and many of my favorite bands do not exist anymore.",personal_reaction,Personal preference and practical complaint.
"I completely disagree with the popular take here. If you give something a fair chance and it does not click, you should move on and maybe return later. There is too much amazing music to waste time forcing yourself to like something.",analysis,Clear counterargument with reasoning.
"This just sounds like getting older. Many people approaching their thirties stop evolving their music taste and listen to old favorites for the rest of their lives. It happened to me too, but I got past it.",analysis,Explains the issue as aging and changing habits.
"I once thought listening to one new album every day for a year would be daunting, but now I average seven to ten new albums or EPs every day. My younger self would not believe it.",personal_reaction,Personal reflection on listening volume.
"Listening to so much music can make it hard to remember everything, but I would rather hear as much music as possible than miss out on great albums. It may not be the healthiest approach, but it feels like the lesser of two evils.",analysis,Reflects on a tradeoff and explains the reasoning.
"The albums I bought with my own money became more meaningful because I played them constantly. After switching to Spotify, I listened to many more albums but fewer times each, so I did not build the same emotional bond.",analysis,Compares physical/digital listening habits with reasoning.
Too much access and too many options make it difficult to develop deep attachment because I am constantly trying to keep up with new artists and albums.,analysis,Explains how abundance affects listening.
Listening to an album just to tick it off a list is completely different from listening to an album because you like it and want to hear it at that moment.,analysis,Contrasts two listening motivations.
I do not listen to albums just to tick them off. There are so many artists and albums I want to hear that I often choose something new instead of repeating something I already know.,analysis,Clarifies motivation and explains behavior.
"I was born in 1960 and had the luxury of a turntable and a lot of time with great albums. Albums were experiences that artists, producers, and engineers worked on, and even weaker releases usually had enough good music to be compelling.",analysis,Uses generational experience to explain album listening.
Then along came disco.,hot_take,Brief dismissive punchline with no explanation.
"There is a big difference between appreciation and love of music. Appreciation is trained and tied to knowledge, but to love a piece of music you have to let it into your life and give it time, space, and experience.",analysis,Defines a conceptual distinction with explanation.
Thank you for articulating this.,personal_reaction,Brief appreciative reaction.
Persona bands or first person satire about terrible people. The author argues music rarely adopts the perspective of terrible fictional people compared with books or films and wonders whether listeners assume lyrics reflect the artist's real beliefs.,analysis,Discussion question with reasoning
It's quite common in extreme metal where songs retell the actions of cruel rulers from a first-person perspective.,analysis,Provides genre evidence
Death metal often tells horror stories from the killer's perspective. Depiction is not endorsement.,analysis,Reasoned answer
Many grindcore and metal bands write from the perspective of serial killers or the ruling class without endorsing them.,analysis,Examples supporting claim
I don't think your thesis holds because there are many songs from morally compromised narrators like Psycho Killer and Hey Joe.,analysis,Counterargument with examples
I listen to many bands with villainous narratives. The artform lends itself to melodrama.,personal_reaction,Personal observation
Randy Newman wrote many songs from awful personas.,analysis,Example
Pumped Up Kicks is a good recent example.,analysis,Single example
"Songs like Tyler, Possum Kingdom and Stan fit this idea too.",analysis,Examples
"Big Black is a good example. Audiences often expect singers to express themselves rather than fictional characters, making persona songs less common.",analysis,Reasoning
Steely Dan's Everyone's Gone to the Movies explores uncomfortable characters. Art lets people explore unacceptable thoughts.,analysis,Reasoning
Steely Dan's catalog is largely about losers and addicts.,analysis,Observation
Lou Reed wanted rock music to tackle darker subjects and wrote songs about drugs and taboo topics.,analysis,Historical reasoning
Lou Reed's Berlin and Suicide's Frankie Teardrop fit the idea of terrible people or dark narratives.,analysis,Examples
Nine Inch Nails might fit what you're looking for.,personal_reaction,Suggestion
Warren Zevon built a career on this. Listeners often mistake the narrator for the artist.,analysis,Reasoning
"Books are more self-contained than albums, making fictional personas easier to sustain in literature.",analysis,Reasoning
Amigo the Devil excels at dark murder ballads and black humor.,personal_reaction,Recommendation
Marilyn Manson may fit this idea. Sorry people are being mean to you.,personal_reaction,Supportive response
Horrorcore sometimes succeeds when atmosphere matches violent subject matter.,analysis,Genre analysis
You misunderstood Lolita and overlooked many songs that already do this.,hot_take,Strong criticism
The Killers have a murder trilogy told from the perspective of a killer.,analysis,Example
In Germany before the war... is another example.,analysis,Example
Uncle Ernie and Cousin Kevin from Tommy are examples.,analysis,Example
Phone-free gigs can improve engagement because people focus on the performance instead of recording it.,analysis,Supports phone-free concerts with reasoning.
Jack White's phone-free shows were great because people experienced the concert instead of social media.,analysis,Personal experience plus reasoning.
Phone bans can still be useful even if some recordings help artists go viral.,analysis,Weighs pros and cons.
I use my phone as binoculars at stadium shows and record only short clips.,personal_reaction,Personal habit.
People filming the whole concert takes everyone out of the moment.,analysis,Explains negative effect.
Closing your eyes at concerts can improve focus on the music.,analysis,Reasoned observation.
Phone-free concerts are a great idea because everyone is engaged with the artist.,hot_take,Strong opinion with little support.
No phones on dance floors sounds like a great idea.,personal_reaction,Simple opinion.
Recordings are valuable because fans around the world may never see the band live.,analysis,Accessibility argument.
I cannot really complain about phones because I enjoy watching those recordings later.,analysis,Acknowledges tradeoff.
Recording entire concerts ruins the experience for people behind you.,analysis,Reasoned complaint.
Ghost's phone-free shows were a much better experience.,personal_reaction,Personal experience.
The audience and performers were more engaged without phones.,analysis,Explains benefit.
People should learn to experience art without their phones again.,hot_take,Broad normative claim.
Phone bans slowed entry when I saw Bob Dylan.,personal_reaction,Personal experience.
Artists should be able to request no-phone policies.,analysis,Reasoned stance.
No phones on dance floors work well because expectations are clear.,analysis,Explains policy success.
Phone-free crowds create a better atmosphere for performers.,analysis,Reasoned observation.
Phone-free shows are better for the audience but worse for artist promotion.,analysis,Balanced comparison.
I like taking a couple of short clips but not recording everything.,personal_reaction,Personal preference.
Locking phones away is too much because people may genuinely need them.,analysis,Explains objection.
Yondr bags work well in small venues.,analysis,Evaluation with reason.
Seeing almost no phones in a crowd looks amazing.,personal_reaction,Reaction.
Watching concerts through someone else's phone ruins the vibe.,analysis,Explains impact.
The no-phone idea becomes less appealing when tickets are expensive.,analysis,Reasoned objection.
Phone-free policies feel arrogant.,hot_take,Strong unsupported opinion.
What did people do before mobile phones?,hot_take,Rhetorical challenge.
Phone-free works in small clubs but not giant arenas.,analysis,Contextual argument.
People holding phones overhead are annoying because they block the view.,analysis,Reason.
I do not care about phone bans because I usually stand at the barricade.,personal_reaction,Personal viewpoint.
I have a hard time understanding Sabrina Carpenter's persona because it feels manufactured and disconnected from her earlier image.,analysis,Questions authenticity with reasoning.
Her lyrics feel catchy but not emotionally specific.,analysis,Critiques songwriting.
Mainstream pop artists often have carefully constructed personas designed for broad appeal.,analysis,Explains industry practice.
Sabrina Carpenter is more of a product than an artist.,hot_take,Strong unsupported opinion.
You're overthinking a Top 40 pop artist.,hot_take,Dismissive claim.
Being manufactured does not necessarily mean an artist lacks authenticity.,analysis,Counterargument.
Pop stars can still feel emotionally connected to songs written by others.,analysis,Nuanced reasoning.
I appreciate asking whether you're missing something instead of dismissing the music.,personal_reaction,Reaction to discussion.
I like Sabrina Carpenter because her music is fun and doesn't take itself too seriously.,personal_reaction,Personal preference.
Sometimes I just want catchy music instead of something deep.,personal_reaction,Personal listening preference.
